Model,Accuracy,Accuracy %,Training Time (s),Efficiency
Improved Mlp,1.0,100.0,2.560997724533081,0.39047281862865346
Random Forest,1.0,100.0,20.993619918823242,0.047633519319999824
Logistic Regression,1.0,100.0,0.4247868061065674,2.354122081063712
